Employee ID,Full Name,Department,Company,Created
a,B,C,d,2024-02-07 10:12:00
a,B,C,d,2024-02-07 10:13:47
a,B,C,d,2024-02-07 10:13:48
a,B,C,d,2024-02-07 10:13:49
a,B,C,d,2024-02-07 10:13:50
a,B,C,d,2024-02-07 10:13:50
a,B,C,d,2024-02-07 10:20:52
a,B,C,d,2024-02-07 10:20:54
a,B,C,d,2024-02-07 10:20:55
a,B,C,d,2024-02-07 10:20:55
a,B,C,d,2024-02-07 10:21:05
a,B,C,d,2024-02-07 10:21:05
a,B,C,d,2024-02-07 10:21:05
a,B,C,d,2024-02-07 10:21:05
a,B,C,d,2024-02-07 10:21:50
a,B,C,d,2024-02-07 10:21:59
a,B,C,d,2024-02-07 10:22:56
a,B,C,d,2024-02-07 10:22:57
